Model,Accuracy,Precision,Recall,F1_Score,ROC_AUC
XGBoost,0.9296482412060302,0.9083969465648855,0.8814814814814815,0.8947368421052632,0.9798619912688353
Random Forest,0.914572864321608,0.9173553719008265,0.8222222222222222,0.8671875,0.9556682157442613
Logistic Regression,0.8768844221105527,0.8307692307692308,0.8,0.8150943396226416,0.9482889733840305
