Cluster_Name,Customer_Count,Avg_Recency,Avg_Frequency,Avg_Monetary,Total_Revenue,Pct_of_Customers,Pct_of_Revenue
Loyal Customers,745,56.47785234899329,5.751677852348993,626.2156754475405,466530.67820841767,37.51,43.25
VIP Customers,332,42.12048192771084,8.53012048192771,983.6513367762617,326572.2438097189,16.72,30.28
At Risk,614,63.262214983713356,3.281758957654723,321.68285394469405,197513.27232204215,30.92,18.31
Lost / Dormant,295,227.6813559322034,2.942372881355932,298.49079706836943,88054.78513516899,14.85,8.16
