Model,MAE,RMSE,MAPE
Holt-Winters,9378.186375136947,14180.005905769709,16.521303005103857
