Model,R2_Score,MAE,RMSE
Random Forest,0.9999413867065196,0.30406697838130686,0.4977738996403133
XGBoost,0.9989088372147897,1.2933131543639438,2.147725785578494
Linear Regression,0.39498362938924325,39.42551341326299,50.57287244703752
