Feature,Importance
Unit_Price,0.7214654956910397
Quantity,0.2784608026767351
Shipping_Cost,1.3995376885217649e-05
Month,9.131292656420756e-06
Discount,6.694280413201052e-06
Quarter,4.500977483516422e-06
Product_Category_Furniture,4.291661960036525e-06
Region_East,3.378278852053822e-06
Order_Priority_Low,3.0824324934296557e-06
Product_Category_Electronics,2.617296629681809e-06
Region_South,2.2583411537911954e-06
Is_Weekend,2.0865306992252895e-06
